"id","shipweight","price","modelno","title","brand","dimensions"
"1","0.95","438.84","ELPLP12","Epson 1500 Hours 200W UHE Projector Lamp ELPLP12","Epson","6.75 x 5.75 x 5.5 inches"
"2","0.05","59.25","BJ-2C7559","Comprehensive Two-Piece 75 Precision BNC Jack for RG-59 Set of 25","Comprehensive",
"4","5.25","59","RKPW247015","StarTech.com RKPW247015 24 Outlet Power Strip","StarTech","72.5 x 2.5 x 1.5 inches"
"5","10.5","67.88","FR530CB","3M FR530CB Ergonomic Adjustable Footrest","3M","21.6 x 13.5 x 4.05 inches"
"8","0.55","64.88","DK2113","Brother DK2113 QL Label Printers Continuous Length Tape","Brother","4.5 x 4.5 x 3.6 inches"
"10","1.3","15","130935","LaCie Formoa 15  MacBook Carrying Case Black","LaCie","16.1 x 11.5 x 0.9 inches"
"11","100","1730.95","116263","Draper High Contrast Grey Targa Electric Screen  - WideScreen 182 diagonal","Draper",
"12","96","4375.95","106018","Draper AT1200 Access MultiView Series E Acoustically Transparent Screen - 106 diagonal HDTV to NTSC Format","Draper",
"13","2.6","34.88","PC509","Stanley 500 Watt Power Inverter","Stanley","9.75 x 5.0 x 2.25 inches"
"14","1.5","15.98","WC1200RED","Gear Head Quick 1.3MP Webcam with Night Vision Red Black","Gear Head","7.2 x 4.4 x 3.5 inches"
"15","0.412","21.47","5029","Avery Self-Adhesive Filing Labels 1 3 Cut 3-7 16 x 2 3 Clear 450 Pack","Avery",
"16","1.08","195","HD685XZNDC","XFX Radeon HD6850 PCIE 1GB DDR5 Graphics Card","XFX","32.4 x 16.4 x 10.0 inches"
"17","14","214.99","3SKB-1914MR","SKB Cases PH Series Pull Handle Case 11 1 2 H x 21 5 8 W x 16 3 8 D outside","SKB Cases","19.0 x 14.0 x 10.0 inches"
"18","0.386","5.28","39701","Innovera CD DVD Pocket with Built-In Label Tab Clear 25 Pack","INNOVERA",
"19","1.79","268.79","C4890A","HP 80 Ink Printhead Printhead Cleaner Black C4890A","HP",
"21","1.15","37.57","GCS632UW6","IOGEAR 2-Port MiniView Micro USB PLUS KVM Switch","IOGEAR","10.0 x 7.0 x 3.0 inches"
"22","16.16","91.44","2305","Quartet Cork Bulletin Board Natural Cork Fiberboard 60 x 36 Aluminum Frame","Quartet",
"23",,"16.67",,"Avery Shipping Labels for Color Laser   Copier 3-3 4 x 4-3 4 Matte White 100 Pack","Avery",
"24","0.5","23.1","2782753","Aluratek Deluxe Leather Travel Case for the Libre eBook Reader Pro","Aluratek","6.25 x 4.75 x 1.0 inches"
"539","1","20.88","CE-MT0B12-S1","SIIG CE-MT0B12-S1 Satellite Speaker Mounts in Pair","SIIG","11.4 x 8.8 x 1.7 inches"
"27","0.85","31.88","FVA2868","Tribeca Dallas Cowboys 15  Sleeve for MacBook Pros","Tribeca","15.88 x 12.6 x 1.13 inches"
"540","1.39","32.88","TL-WA500G","TP-Link TL-WA500G 54Mbps eXtended Range Wireless Access Point","TP Link","10.36 x 6.62 x 2.88 inches"
"28","1.859","18.97","6644WH","Tablemate Plastic Dinnerware 6 Inch Plates 125pk",,"6.0 x 6.0 x 5.7 inches"
"31",,"19.99","FVA2782","Chicago Bears Camera Case","Tribeca",
"32","64","829.99","88604","Da-Lite Da-Mat Deluxe Fast Fold Complete Front Projection Screen - 68 x 68","Da-Lite",
"34","0.4","35.78","51645A","HP 45 Black Inkjet Cartridge 51645A","HP","4.0 x 4.0 x 2.0 inches"
"2083","0.9","9.82","FLT-6600-39","Cables Unlimited SATA II 3Gbps to eSATA Cable with Straight Connectors","Cables Unlimited","7.5 x 5.0 x 1.0 inches"
"35","1.1","169.95","1EP001901","TomTom XXL 550","TomTom","7.0 x 7.0 x 1.8 inches"
"36","6.5","54.88","IMM153PNK","iLuv Desktop Alarm Clock with Bed Shaker for your iPhone iPod - Pink","iLuv","6.0 x 4.25 x 3.5 inches"
"37","1","47.99","222043","rooCASE Multi-Angle Folio Leather Case   Stylus for Acer Iconia Tab A500","rooCASE","10.2 x 7.2 x 1.1 inches"
"38","11","112.99","ST660-S","Peerless SmartMount Universal Tilt Mount 32 - 60 Screens","Peerless","34.1 x 18.5 x 2.6 inches"
"40","24","149.88","93163","Da-Lite 93163 Model B Manual Wall and Ceiling Projection Screen","Da-Lite","83.7 x 4.5 x 4.5 inches"
"1577","0.77","44.88","IPD2FLBK","foldIO P2 Leather Texture Folio Case for iPad 2 Black","Scosche","13.0 x 9.0 x 1.0 inches"
"43","0.45","19.84","IC-510012-S2","SIIG SoundWave 5.1 Channel PCI Sound Card","SIIG","9.0 x 7.0 x 2.25 inches"
"2092",,"773.82",,"Night Owl ZEUS-810 16-Channel H.264 DVR Kit with 1TB Hard Drive","Night Owl",
"44","103","2107.95","102300","Draper M1300 Access Series V Electric Screen  - HDTV 119 diagonal","Draper",
"45","13","615","218033","Draper Flexible Matte White Cinefold Replacement Surface Portable Screen - 10 6 x 14 NTSC Format","Draper",
"1070",,"29.99","FVA4424","Chicago Cubs Pink iPhone 4 Hard Case","Tribeca",
"558","4.55","37.54","MDV3000/F7","Magnavox MDV3000 F7 DVD Player w HDMI","Magnavox","11.1 x 8.3 x 2.1 inches"
"46",,"12.88",,"Read Right KeyboardKleen Kit 2.5 oz. Pump Spray","READ RIGHT",
"47","28","233.05","101EL","Quartet Ultima Presentation Dry Erase Easel Melamine 27 x 34 White Black Frame","Quartet",
"48","10","199.99","DBD805","DP Video 7  Touchscreen Double Din In-Dash Multimedia Receiver DBD805","DP Video","7.25 x 7.25 x 4.5 inches"
"2097","0.25","26.5","HP CD994FN","HP 564 Tri-color Combo Inkjet Cartridge CD994FN","HP","6.38 x 4.53 x 1.44 inches"
"50","0.62","7.91","5706","Avery Economy Vinyl Round Ring View Binder","Avery",
"51","1.177","16.4","38544B","Wilson Jones D-Ring Vinyl View Binder","Wilson Jones",
"52","0.3","2.98","C6M-3-GYB","Link Depot 3 Ethernet Enhanced CAT6 Networking Cable Gray","Link Depot","9.0 x 4.0 x 0.5 inches"
"55","1.2","56.09","DGIPAD-4541","Dreamgear i.Sound Stand for iPad","Dreamgear","13.0 x 6.1 x 2.0 inches"
"56","0.05","10.88","PE209780","EDGE Tech ProShot 4GB SDHC Class 6 Memory Card","Edge Tech","1.25 x 0.94 x 0.08 inches"
"2107","19.45","60.88","A201-12CP","Atrend-Bbox A201-12CP B Box Series Single-Sealed 10  Up-Fire Enclosure","Atrend","33.5 x 14.0 x 8.25 inches"
"59","0.8","79","RBTL205","Samsung TL205 Refurbished 12.2MP Black Digital Camera 6.3-18.9mm f 3.2 3x Zoom Lens 2.7  Dual LCD VGA Movie Recording w 50 Bonus Prints","Samsung","3.75 x 2.13 x 0.83 inches"
"60","82","1883.99","252031","Draper M2500 Clarion Fixed Frame Screen - 124 x 124 diagonal AV Format","Draper",
"61","2.64","29.88","82024","Kensington 82024 Memory Foam Seat Backrests","Kensington","14.4 x 14.4 x 1.8 inches"
"62","0.9","29.88","ACC-39311-301","BlackBerry Leather Sleeve for PlayBook Tablet Black","BLACKBERRY","7.6 x 5.1 x 0.4 inches"
"63","0.25","25","Arclyte ERA02142","Arclyte MobileStyle Mini USB Car Charger Jet Black Electric Blue","Arclyte","3.25 x 0.87 x 0.87 inches"
"65","0.2","27","T020201","Epson T020201 Color Ink Cartridge","Epson","4.06 x 3.9 x 1.34 inches"
"66","1.6","99.82","QSD360","Q-See Professional Indoor Dome Camera QSD360","Q-See","5.5 x 5.5 x 4.0 inches"
"67","1.4","27.82","RKA00014","Microsoft VX-5000 LifeCam Webcam Red","Microsoft","8.0 x 7.0 x 3.0 inches"
"68","1.65","188.82","Xerox Travel Scanner 100","Xerox Travel Scanner 100 Scanner","Visioneer","11.4 x 2.0 x 1.5 inches"
"69","1.24","12.84","SG-610","Lorex Simulated Bullet Style Surveillance Camera","Lorex","3.8 x 3.8 x 3.8 inches"
"70","0.88","10.49","RPHV21G","Panasonic Stereo Earbud Headphones RP-HV21 Green","Panasonic",
"71","31.3","269","L170","Canon FaxPhone L170 Laser Printer   Fax","Canon","22.0 x 19.3 x 18.7 inches"
"72","0.85","13.98","K62816US","Kensington K62816US Memory Foam Mouse Wrist Pillow","Kensington","9.0 x 7.92 x 0.99 inches"
"73","3.84","187.04","CE250A","HP CE250A Black Toner Cartridge","HP",
"74","0.68","24.88","28734","Cables To Go Digital Audio Explorer Toslink Selector Switch","Cables To Go","6.52 x 6.52 x 1.8 inches"
"75","0.25","22.92","PE219413","EDGE 2GB PC3-8500 DDR3 204-Pin SODIMM Notebook Memory Module","EDGE","9.0 x 6.0 x 3.0 inches"
"76","86","1793.45","101198","Draper M2500 Premier Electric Screen  - AV Format 7 x 9","Draper",
"77","152","2443.45","119018","Draper Matte White Ultimate Access Series E Electric Screen - NTSC 150 diagonal","Draper",
"1102","1.3","25.88","GCS62","Iogear MiniView Micro KVM Switch","IOGEAR","72.0 x 4.0 x 1.0 inches"
"79","0.99","8.19","30653PP","Sharpie Fine Point Permanent Markers Assorted 5ct","Sharpie","7.62 x 4.75 x 4.2 inches"
"82","4","40.99","iM2050NF BLACK","Pelican Storm Shipping Case without Foam 9.8 x 11.8 x 4.7","Pelican Storm","11.8 x 9.8 x 4.7 inches"
"83",,"0","HDFRB6","Scosche Full Range Speaker System with Two 6.5  Woofers","Scosche","24.0 x 9.0 x 7.0 inches"
"84","0.7","10.88","SF4N4/TQ","Sony 4GB Flash Memory Card Black","Sony","6.1 x 4.92 x 0.35 inches"
"1621","4.569","30.94","64259","Smead Capacity Box Bottom Hanging File Folders Letter Green 25 Box",,
"86","0.4","29.88","33-0525-05","Samsung 33-0525-05 Samsung Fasciante i500 OEM Multimedia Dock","Samsung","6.25 x 3.9 x 2.75 inches"
"599","0.15","40.82","CM2X2048-6400C5","Corsair CM2X2048-6400C5 XMS2 2GB PC2-6400 800MHz 240-Pin DDR2 CL5 Dual Channel Desktop Memory Kit","Corsair","9.0 x 5.0 x 0.5 inches"
"87","42.11","379","E371VA","VIZIO 37  Class LCD 1080p 120Hz HDTV E371VA Refurbished","Vizio","35.41 x 24.3 x 8.76 inches"
"88","51","239.88","33250","BALT Wheasel Easel Adjustable Melamine Dry Erase Board White","Balt",
"89","11.2","29.99","TSS10805US","Targus 15.6  A7 Slipcase Orange","Targus","15.6 x 11.25 x 1.15 inches"
"92","25","261.99","73197","Da-Lite Natural Walnut Veneer Model B Manual Screen with Matte White Fabric - 64 x 84 diagonal Video Format","Da-Lite",
"96","46.9","429","42LA45RQ","RCA 42  Class LCD 1080p 60Hz HDTV 42LA45RQ","RCA","43.7 x 30.0 x 10.1 inches"
"98","0.1","7.82","10958","Mortimer Beckett Time Paradox Jewel Case","Encore Software","5.7 x 5.1 x 0.6 inches"
"100","0.15","32.98","80244","Bling Software 123 Copy DVD 2010 Windows","Bling Software","7.5 x 5.5 x 1.25 inches"
"615","5.14","116","TL-SG1024D","TP-Link Network TL-SG1024D 24 Port Gigabit Desktop Switch","Global Marketing","16.0 x 10.0 x 3.25 inches"
"103","49.9","479","RBE421VA","Vizio 42  Class 1080p 120Hz LCD HDTV RBE421VA Refurbished","Vizio","39.73 x 26.7 x 9.99 inches"
"617","5.48","89.99","CZ101","Clarion CZ101 Single CD MP3 WMA AAC Receiver","Clarion","11.5 x 9.6 x 4.3 inches"
"105","1.52","29.88","SPORTA-PRO","Koss Stereophones With Flexible Headband Design","Koss","8.58 x 8.36 x 4.24 inches"
"106","0.16","7.82","87010","Inland Lightweight Headphones with Volume Control","Inland","10.1 x 9.3 x 3.9 inches"
"2156","0.2","16.88","IOC-1000","Cables Unlimited - 1 Port DB25 Parallel PCI ECP EPP SPP Port I O Card","Cables Unlimited","17.32 x 14.57 x 13.89 inches"
"108","0.5","117.84","26607","Imation 26607 RDX Cartridge Hard Drive","Imation","4.94 x 3.75 x 1.19 inches"
"109","0.6","16.84","130752","LaCie 130752 Rugged Hard Drive Sleeves","LaCie","6.84 x 3.375 x 3.15 inches"
"110","3.6","41.97","Q96600","Rubbermaid Commercial Pulse Caddy With Clean Connect 2 gal","Rubbermaid Commercial","14.125 x 10.75 x 8.75 inches"
"111","0.4","79.88","PE20779302","EDGE 2GB 2X1GB PC25300 ECC 240 PIN FULLY BUFFERED KIT APPLE","EDGE","9.0 x 6.0 x 3.0 inches"
"1136","32","1069","PVR135H1","Elite Screens CineGray Prime Vision Series Fixed Frame Screen - 135 Diagonal","Elite Screens","124.0 x 73.0 x 1.5 inches"
"112","155","2312.5","111599","Draper Matte White Signature Series E Electric Screen  - HDTV 119 diagonal","Draper",
"113","95","1948.95","200126","Draper M2500 Premier Series C Manual Screen - 161 diagonal HDTV Format","Draper",
"115","2.15","428","AVIC-U220","Pioneer Add-On Navigation System For Nav-Ready Pioavh Models","Pioneer","10.0 x 6.5 x 3.6 inches"
"2164","7.45","188.84","F1DD104L","Belkin F1DD104L SOHO 4-Port DVI   USB KVM Switch","Belkin","14.15 x 7.35 x 5.4 inches"
"116",,"0","19604","Peace Out 2-Pocket Folder","Generic","11.75 x 9.5 x 0.1 inches"
"117","0.3","5.88","V7N2C6-10F-GRYS","V7 10 CAT6 Snagless Molded Network Patch Cable Gray","V7","10.0 x 8.0 x 1.0 inches"
"118","1.0417","15.19",,"HOUSE OF DOOLITTLE                                 Express Track Daily Appointment Book Monthly Planner 5 x 8 Black 2012","HOUSE OF DOOLITTLE",
"119","0.35","49","ME965L4GBPRP","Visual Land V-Touch Pro 4GB Flash Portable Media Player Purple","Visual Land","8.5 x 5.5 x 1.2 inches"
"120","4","70","KDR320","JVC KD-R320 CD Receiver","JVC","10.787 x 9.685 x 4.488 inches"
"121","0.96","24.88","F8N296","Belkin 16  Circuit Quilted Laptop Sleeve Black","Belkin","16.81 x 12.28 x 2.38 inches"
"122","0.312","15.94","31004","Pilot G2 Retractable Gel Ink Roller Ball Pen Extra Fine Point 12-count","Pilot",
"123","0.65","4.98","LD-MSD-USB","Link Depot USB 2.0 Flash Memory Card Reader MicroSD Secure Digital SD","Link Depot","4.5 x 4.0 x 1.5 inches"
"124","0.5","39.99","EPCS40ORGMRN","iFrogz EarPollution CS40-Orange Marin","iFrogz","10.0 x 5.6 x 1.2 inches"
"125","0.1","10.73","HDMIMM1","Startech 1 HDMI to HDMI Digital Video Cable","StarTech","5.5 x 4.2 x 0.7 inches"
"127","0.9","18.99","FVA3791","Tribeca Varsity Jacket Hard Shell Case for iPod Touch Detroit Redwings","Tribeca","7.75 x 4.0 x 0.75 inches"
"128","0.64","54.54","89423N","Motorola TZ700 Bluetooth Roadster Visor Speaker","MOTOROLA","9.0 x 5.1 x 2.2 inches"
"129",,"49.99",,"Bushnell BackTrack Personal Locator Tech Gray","Bushnell",
"1666","3.26","129.88","PT-18R","Brother PT-18R P-Touch Label Printer","Brother","8.78 x 8.55 x 3.38 inches"
"132","2.7","729","MC983LL/A","Apple iPad 2 with Wi-Fi 3G AT T White 32GB","Apple","11.3 x 9.4 x 3.6 inches"
"135","0.45","12.88","V7N2DVI-10F-BLK","V7 10 DVI Male to Male Cable","V7","9.0 x 6.5 x 1.4 inches"
"1163","0.75","38","GP3A1EN","Joby Gorillapod SLR Zoom Tripod - Black Grey","JOBY","12.6 x 2.7 x 2.5 inches"
"139","0.2","8.88","MB-NS9GS","Merkury Shoot-N-Share Case Sunrise Gumball","Merkury","7.55 x 3.54 x 1.1 inches"
"140","1","34.88","RP-HX40-G","Panasonic SLIMZ Over-Ear Headphone Green RP-HX40-G","Panasonic","9.1 x 7.2 x 1.4 inches"
"141","0.2","20.88","IOC-2000","Cables Unlimited - 1 Port DB9 Serial Neos 9820 Chipset PCI I O Card","Cables Unlimited","17.32 x 14.57 x 13.89 inches"
"142","6.5","69.88","1030HT","CyberPower 1030HT Home Theater Surge Protector","CyberPower","25.25 x 10.25 x 3.5 inches"
"143","0.3","11.99","DH6QC","RCA 6 Digital Series Digital Quad RG-6 Coaxial Cable","RCA","7.8 x 5.5 x 1.3 inches"
"146","0.25","15","DMSVGAVGA1","StarTech.com DMSVGAVGA1 LFH 59 Male to Dual Female VGA DMS 59 Cable","StarTech","10.35 x 4.95 x 0.45 inches"
"148","3.8","199.88","108R00579","Xerox 108R00579 Transfer Roller","XEROX","18.0 x 7.47 x 5.85 inches"
"150","1.1","57.48","PE206628","Edge 160GB DISKGO 2.5in. BACKUP ULTRA PORTABLE USB 2.0 HARD DRIVE","EDGE","9.0 x 6.0 x 3.0 inches"
"151","2.2","199.98","00346NEAT","NeatReceipts Portable Mobile Sheetfed Scanner","NeatReceipts","14.0 x 7.2 x 3.3 inches"
"152","118","1585.45","104193","Draper High Contrast Grey Access Series E Electric Screen  - WideScreen 162 diagonal","Draper",
"153","100","1557.95","116249L","Draper Matte White Targa Electric Screen With Low Voltage Controller - NTSC 200 diagonal","Draper",
"154","15","54.97","12388","Kimberly-Clark Professional Scott Slimroll Hard White Towels 6 ct","KIMBERLY-CLARK PROFESSIONAL","18.25 x 12.25 x 8.5 inches"
"667","1.33","84.92","ENGT430/DI/1GD3(LP)","ASUS ENGT430 GT430 PCI-E 1GB Graphics Card","Asus","9.0 x 6.5 x 2.0 inches"
"156","0.56","19","IBG2030GRY","iLuv 17  MacBook Pro Sleeve Gray","iLuv","16.0 x 13.0 x 1.0 inches"
"158",,"0","GC32006","Griffin Arrowhead Universal Stand for Tablets","Griffin Technology","7.09 x 5.0 x 1.18 inches"
"1183","1.2","40.33","UGT-UC302CB","Vantec 2-Port SuperSpeed USB 3.0 ExpressCard 34","Vantec","8.0 x 6.0 x 1.0 inches"
"159","1","23.88","PRL01-001-US","Powermat Wireless Charging Receiver for BlackBerry Torch","Powermat","3.0 x 2.0 x 0.25 inches"
"160","1.895","39.09","15847","imation 3.5  Diskettes IBM-Formatted DS HD","Imation",
"161","0.1","7.09","1750545","Samsill 4  Non-Stick Round Ring Poly View Binder White","Samsill",
"162","34","62.94","63300","Pacon Rainbow Duo-Finish Colored Kraft Paper 35 lbs. 36  x 1000 ft","Pacon Products",
"163","2.4","78.67","WAN-2140","CP Technologies LevelONE WAN-2140 Panel Antenna","CP TECH","14.2 x 9.9 x 3.0 inches"
"1189","1","39.99","602956007722","Marware C.E.O. Hybrid iPad 2 Case Black","Marware","10.5 x 8.0 x 0.9 inches"
"165","58","282.99",,"Da-Lite Advance TV Quick Link Wall Mount for 32 - 35 Monitors","Da-Lite",
"1190","1","43.99","602956008545","Marware Eco-Flip iPad 2 Case Black","Marware","10.5 x 8.0 x 0.9 inches"
"166","882","22472.99","23074","Da-Lite Da-View Thru-the-Wall Rear Projection Screen - 58 x 104 HDTV Format","Da-Lite",
"681","0.7","264.84","BL-FP200C","Optoma BL-FP200C Replacement Projector Lamp for HD70 Home Theater Projector","Optoma","6.3 x 6.2 x 5.0 inches"
"169",,"7.76",,"BIC Triumph 537R 0.7mm Roller Pen Blue 4 Ct. 2-Pack",,
"170","0.35","28","FVA2344","Tribeca University of Alabama iPad Slip Sleeve","Tribeca","11.4 x 8.3 x 0.7 inches"
"171","77","1486.95","104043","Draper Glass Beaded Access Series E Electric Screen  - NTSC 100 diagonal","Draper",
"172","3.55","199.82","EAH6870D2DI2S1G","ASUS US Radeon 1GB GDDR5 HD6870 PCI Express Graphics Card","Asus","16.1 x 9.3 x 3.7 inches"
"174","0.85","348","DSC-TX100V","Sony Cyber-shot DSC-TX100V 16MP Sleek Camera Silver w 4x Optical Zoom HD Movie Capture 3.5  LCD w 50 Bonus Prints","Sony","8.0 x 6.0 x 3.0 inches"
"175",,"19.99","FVA2845","San Diego Chargers Camera Case","Tribeca",
"176","1","139.98","PA70750U1YR","ioSafe Rugged 750GB USB 3.0 Portable External Hard Drive","IOSAFE","10.0 x 8.0 x 3.0 inches"
"177","0.18","9.88","3N1NDT","Human Toolz 3-in-1 Laptop Pad Designer Tan","Human Toolz","10.8 x 6.3 x 0.04 inches"
"1714","6.173","64.94","S59720","S J Paper MLA End Tab Classification Folder",,
"180","0.56","10.88","90659","Fellowes Vinyl CD DVD Sleeves 50-Pack","Fellowes","7.0 x 5.12 x 1.2 inches"
"2229","1.5","89","C1550 Prpl Bndl","Kodak EasyShare C1550 Purple 16MP Digital Camera Bundle w 5x Optical Zoom 3.0  LCD Display w 50 Bonus Prints","Kodak","3.635 x 2.649 x 1.183 inches"
"183","4.28","60","ATX2POWER430","Startech 430W ATX12V 2.3 80 Plus Computer Power Supply Active PFC","StarTech","9.13 x 7.87 x 3.86 inches"
"185","1.94","15.99","56349","Case Logic 30 Capacity CD Case","Case Logic","11.22 x 8.86 x 5.91 inches"
"186","2.54","43.88","49106","Fellowes 55-Piece Computer Maintenance Tool Kit","Fellowes","13.25 x 7.0 x 1.5 inches"
"187","0.05","63.88","KVR1333D3LS4R9S/2G","Kingston ValueRAM 2GB DDR3 SDRAM Desktop Memory Module","Kingston","6.25 x 2.25 x 0.5 inches"
"188","0.55","80.99","USC-KL","Middle Atlantic Remote Control Switch","Middle Atlantic",
"2237","2","16.14","95079","Verbatim 4.7GB 16X DVD-R Whilte Inkjet Printable 50 Packs Spindle Disc","Verbatim","5.3 x 5.2 x 3.3 inches"
"189","1.5","20.88","ULGTRAVEL","UltraLast Green Travel Charger with 2 AA Green Batteries","Ultralast","10.0 x 6.5 x 2.5 inches"
"190","1.64","42.84","KX-FA136","Panasonic Replacement Film Rolls","Panasonic","9.25 x 4.75 x 2.0 inches"
"191","10.05","179.82","DKVM-8E","D-Link DKVM-8E 8- Port KVM Switch","D-Link","16.14 x 6.5 x 1.85 inches"
"193","2.7","59.88","S041378","Epson S041378 Photographic Papers","Epson","11.7 x 3.38 x 3.38 inches"
"194",,"26.99","MSNF25","San Diego Chargers Pro Grip Mouse","Team Pro Mark",
"195","1.4","62.51","DS6151","VTech DS6151 2-Line Expandable Cordless Phone with Digital Answering System Caller ID","VTech","9.0 x 5.45 x 4.7 inches"
"196","140","1456","112018","Draper Matte White Envoy Electric Screen  - NTSC 150 diagonal","Draper",
"197","377","2989.99","115020","Draper Matte White Rolleramic Electric Screen - AV Format 15 x 20","Draper",
"198","100","1517.95","104191","Draper High Contrast Grey Access Series E Electric Screen  - WideScreen 120 diagonal","Draper",
"1224","4.5","100.21","NST-400MX-SR","Vantec NexStar MX Dual 3.5  Dual Bay External Hard Drive Enclosure with JBOD RAID 0 1","Vantec","10.0 x 7.0 x 6.0 inches"
"200","55","1348.99","253019","Draper M1300 ShadowBox Clarion Fixed Frame Screen - 161 diagonal HDTV Format","Draper",
"201","0.62","71.07","9ZF2A2-570","Seagate FreeAgent GoFlex 500GB USB 2.0 Ultra-Portable Hard Drive Black","Seagate","4.39 x 3.19 x 0.57 inches"
"203",,"5.88",,"Sharpie Pen Retractable Fine Point Pens Black Set of 2","Sharpie",
"2252","0.14","2.69","7274T","3m O-Cel-O Sponge With 3m Stayfresh Technology 4pk","3M","6.2 x 4.8 x 1.4 inches"
"204","0.4","12.49","PMR11-RED","BIC Mark-It Retractable Permanent Marker Fine Red 1-Dozen","BIC","6.0 x 2.75 x 1.63 inches"
"2254","56","481.86","HL-4570CDW","Brother HL-4570CDW Wireless Laser Color Printer Duplex printing","Brother","25.0 x 22.0 x 20.0 inches"
"206","4.13","29.54","3202-0403","Memorex White Matte CD Label Refills - 300 Pack","Memorex","12.5 x 9.5 x 1.5 inches"
"719","4.19","191.03","Q6511A","HP Q6511A HP 11A Toner 6000 Page-Yield Black","HP",
"207","1.042","7.47","68080","Avery Design Edge Presentation View Binder 1  Capacity","Avery",
"208","1.5","191.96","155623","MacCase Premium Leather 17  MacBook Pro Flight Jacket w Backpack Option","MacCase","16.5 x 12.0 x 1.0 inches"
"209","0.7","3.98","FAN-80-BK","Link Depot 80mm LED Computer Case Fan Black","Link Depot","7.0 x 4.5 x 1.5 inches"
"210","0.7","64.98","VDD5M","honestech VHS to DVD 5.0 Deluxe for Pc","Honest Technology","7.6 x 5.4 x 2.3 inches"
"212","1","57.74","7188","PC Treasures External DVD-RW Drive Purple","PC Treasures","6.0 x 6.0 x 1.0 inches"
"1237","5.1","234.54","Q2429A","HP Q2429A Maintenance Kit","HP","17.75 x 10.5 x 9.5 inches"
"213","0.62","9.97","A1604-6CTD","Rayovac Alkaline 9 Volt Batteries 6ct","Rayovac","15.74 x 11.74 x 11.35 inches"
"214","13","92.99","93154","Da-Lite High Contrast Matte White Model B Manual Screen - 60 x 60 AV Format","Da-Lite",
"216","1","10","12898","Email Delivery T-Mobile 10 Prepaid Pass for Mobile Broadband Service","T-Mobile","1.0 x 1.0 x 1.0 inches"
"1242","7","15.82","MP2800BLK","Gear Head 2.4GHz Wireless Optical Nano Mouse Black","Gear Head","3.9 x 2.3 x 1.5 inches"
"220","8","638","LX.TYV03.021","Acer Black 14  TravelMate TM8472-7254 Laptop PC with Intel i5-560M Processor and Windows 7 Professional","Acer","18.0 x 11.8 x 3.4 inches"
"222","3","23.98","1360BK","Uniden 1360BK Desktop Corded Phone with Caller ID Black","Uniden","9.0 x 8.25 x 4.0 inches"
"223","4.36","21.88","CL80111","CL80111 AT T Accessory Handset","AT T","7.0 x 6.0 x 4.0 inches"
"1248","0.615","60.94","75406","Advantus Premier Heavy-Duty Retractable ID Card Reel 24  Extension Black Chrome 12 Box",,
"224","1","35.99","BR1","Middle Atlantic DRK Series Cable Management Brush Grommel Panel","Middle Atlantic",
"226",,"24.99","FVA3955","Los Angeles Angels of Anaheim iPhone 4 Case Silicone Cover","Tribeca",
"2276",,"121.84",,"Lorex LNE1001 Easy Connect Network IP Camera","Lorex",
"228","0.1","69","HD15P","Comprehensive High Density15-Pin VGA Male Metal Connector with Hood Set of 25","Comprehensive",
"230","0.09","9.88","SLSATAF20","StarTech.com SLSATAF20 20in Slimline SATA Male to SATA Cable","StarTech","7.0 x 2.3 x 0.99 inches"
"231","0.25","38.84","PE222604","Edge 16GB SDHC HD Video Card Class 6","Edge Tech","9.0 x 6.0 x 3.0 inches"
"232","0.5","52.82","ICM20BLK","iLuv 3MP Premium Sliding Door USB Webcam","iLuv","7.0 x 5.9 x 2.9 inches"
"233","0.12","6.34","USB2HABMY3","Startech 3 USB Y Cable for External Hard Drive","StarTech","10.04 x 7.87 x 0.39 inches"
"234","33.2","129.99",,"BANKERS BOX Stor File DividerBox Legal 15 x 24 x 10 White Blue 12 per Carton","BANKERS BOX",
"236",,"0","33282","GE RG6 Coax Cable 25","GE","5.75 x 5.75 x 1.5 inches"
"237",,"0","73311","15 RG6 Video Cable White","GE","6.54 x 4.6 x 1.29 inches"
"750","1.4","48.22","CAEDVDRW8U2","Cavalry DVD-RW DVD-R Dual-Layer DVD Writer","Cavalry","8.3 x 6.1 x 1.5 inches"
"238","0.5","19.99","CPG25BK","Cocoon Innovations Grid-It Large Organizer for Binder Black","COCOON INNOVATIONS","11.0 x 8.75 x 0.25 inches"
"240","9.92","115","E1920X","Samsung 19  LCD Monitor E1920X","Samsung","20.0 x 15.0 x 7.0 inches"
"241","39.95","3179.82","HP 7000nx","HP Scanjet Enterprise 7000nx Document Capture Workstation","HP","16.2 x 13.5 x 12.6 inches"
"242","3.19","45","659YW","Post-it Notes Original Notes Canary Yellow","POST-IT",
"243","0.45","179.98","OCZSSD22VTXE90G","OCZ Technology Vertex 2 90GB 2.5  SATA II Solid State Drive","OCZ Technologies","6.0 x 5.0 x 0.7 inches"
"1268","5.55","39.54","TS500B","Disney Toy Story CD Boom Box","Disney","13.94 x 10.71 x 4.92 inches"
"244","56","503.99","82965","Da-Lite Video Spectra 1.5 Model C Manual Screen - 7 x 9 AV Format","Da-Lite",
"245","65.04","799","M470VT","VIZIO 47  Ultra-Slim M470VT","Vizio","50.39 x 34.25 x 8.85 inches"
"246","0.1","11.88","ICC1112CLR","iLuv iPod nano 6G Clear Type Protective Film","iLuv","7.0 x 3.8 x 0.7 inches"
"2295","0.32","66.99","18C2249","Lexmark 18C2249 36XL 37XL High-Yield Ink 500 Page-Yield 2 Pack Black","Lexmark",
"247","0.3","69.99","SYMCD11445MC","Symantec Norton Anti Virus Dual Protection Software Mac","Symantec","9.8 x 7.6 x 2.1 inches"
"248","1.05","77.5","RZ01-00170500-R3U1","Razer Lachesis Gaming Mouse","Razer","8.7 x 6.3 x 2.7 inches"
"249","2.9","59.99","KB7070BU","Solidtek Keyboard with Touch Pad Black","Solidtek","18.3 x 8.2 x 1.7 inches"
"250","0.808","3.79","FM507","Dixie Heavy Mediumweight Plastic Forks 100ct","Dixie","9.532 x 6.345 x 1.532 inches"
"251","5.4","109","BD-C6500","Samsung BD-C6500 Blu-ray Player   WiFi- Internet TV. Download apps like BLOCKBUSTER Facebook YouTube Twitter Flickr Pandora and VUDU. Refurbished","Samsung","16.9 x 8.8 x 1.7 inches"
"765","0.3","39.98","PEXUSB3S2","Startech 2 Port PCI Express SuperSpeed USB 3.0 Card Adapter","StarTech","6.75 x 5.5 x 1.0 inches"
"1287","1","31.5","CT1711","Quartet Tack   Write Monthly Calendar Board Black","Quartet",
"2315","0.3","14.88","SLP-MRL","Seiko SLP-MRL Multipurpose Label","Seiko","3.5 x 1.5 x 1.0 inches"
"2327","0.7","11.88","CL-NBK65016","Connectland 1.20-Meter Stainless Steel Notebook Security Lock with Key","SYBA Multimedia","9.0 x 6.5 x 2.5 inches"
"797","0.5","10.98","CMP114","Arkon CMP114 Camera Mount for Windshield","Arkon","6.0 x 4.0 x 4.0 inches"
"2334","2.38","39.19","TBT053US","Targus 15.6  CityLite Laptop Case","Targus","17.0 x 14.0 x 3.5 inches"
"1316","2.04","19.99","87974","Case Logic 208 Capacity Nylon CD DVD Wallet","Case Logic","13.25 x 12.0 x 2.75 inches"
"1850","0.289","54.1","7653","Innovera 7653 Compatible Ink 8000 Page-Yield Red","INNOVERA",
"315","0.05","14.84","P-FDU8GBSL-EF/SIL","PNY 8GB Micro Slide Attache USB Flash Drive - Silver","PNY","6.75 x 5.0 x 0.5 inches"
"1851","0.4","8.88","TL-ANT2405CL","TP-Link TL-ANT2405CL 2.4GHz 5dBi Indoor Omni-Directional Antenna","TP Link","10.0 x 3.0 x 0.05 inches"
"1340","0.3063","15.98","MR-ENEL9","CTA Mini Battery Chargers for Nikon EN-EL9 Digital Cameras","CTA","8.5 x 3.5 x 2.75 inches"
"2368","5","89.52","KB-CHU003US","Thermaltake Tt eSports Challenger Ultimate Gaming Keyboard","Thermaltake","22.0 x 9.0 x 2.0 inches"
"1356","12.1","729","PJD7383","ViewSonic PJD7383 DLP Projector","ViewSonic","15.4 x 15.0 x 8.3 inches"
"336","1.64","154.84","108R00657","Xerox 108R00657 Extended-Capacity Maintenance Kit For Work Centre C2424","XEROX","14.5 x 3.25 x 3.0 inches"
"1877","26","798","F6002160","ivina BulletScan F600 Flatbed Scanner","IVINA","28.0 x 20.0 x 14.0 inches"
"1368","4.95","159.98","G222R2-01","Rocstor G222R2-01 Rocpro 850 External Hard Drive","Rocstor","8.66 x 5.79 x 1.61 inches"
"2394","0.73","96.98","WDBACX7500ASL-NESN","Western Digital 750GB My Passport Essential SE USB 3.0 Silver Portable Hard Drive","Western Digital","7.0 x 6.06 x 2.0 inches"
"2400","7.35","599","MS510","BenQ MS510 3D-Ready DLP Projector","BenQ","13.0 x 11.8 x 7.7 inches"
"1895","7.85","612.24","QT426-5","Q-See QT426 16-Channel Digital Video Recorder","Q-See","15.5 x 13.0 x 5.2 inches"
"399","0.8","38.84","89334M","Motorola H17 Bluetooth Headset","Motorola","0.42 x 0.17 x 0.1 inches"
"916","1","16.23","GUN262WV","IOGEAR Smartlink USB 2.0 Adapter","IOGEAR","10.0 x 6.25 x 1.0 inches"
"1946","5","109.98","97159","Verbatim 1TB MediaShare Home Network Storage Server","Verbatim","11.7 x 8.9 x 4.0 inches"
"1448","15","299.95","CDMP-1400","Gemini CDMP-1400 Pro Media Player CD MP3 USB","Gemini","19.9 x 12.8 x 4.6 inches"
"1960","2.05","329","SB700","Nikon Speedlight SB700 Electronic Flash for D7000","Nikon","5.0 x 4.1 x 2.8 inches"
"938","11.95","1518","PRO8500","ViewSonic Pro8500 DLP Projector","ViewSonic","16.75 x 15.25 x 7.5 inches"
"426","1.8048","42.88","iSP191B","iLive iPhone Alarm Clock Speaker","iLive","7.3 x 7.2 x 5.7 inches"
"941","0.55","48.88","960-000585","Logitech HD 720p Webcam C310","Logitech","8.4 x 6.5 x 3.3 inches"
"431","0.9224","23.88","SP300B","GPX iPhone Travel Speaker","GPX","10.0 x 8.75 x 1.75 inches"
"1973","17","199.58","SL1000GBUSB20","ioSafe Solo - 1 TB Fireproof Waterproof External Hard Drive includes 1k Disaster Recovery Service","IOSAFE","17.0 x 10.0 x 8.0 inches"
"2501","0.4","44.57","PF14.0W","3M Laptop LCD Privacy Computer Filter PF14.0W","3M","13.0 x 10.1 x 0.15 inches"
"997","16.2","368","IVISA 50 LIGHT","DJ Tech iVisa 50 Light Portable PA System with iPod Player Controller 50 Watts","DJ Tech","18.3 x 13.0 x 9.75 inches"
"1510","0.4","18.57","GAM-2295-06","Cables Unlimited UltraFast Hardcore Gaming HDMI Cable","Cables Unlimited","6.0 x 5.0 x 1.0 inches"
"1512","2","33.84","D1680","Uniden D1680 DECT 6.0 with Caller ID and Call Waiting","Uniden","6.9 x 4.5 x 4.0 inches"
"2540","0.9","47.92","PLA401V3","ZyXEL HomePlug AV 200Mbps Powerline Wall Plug Adapter","ZyXEL","15.0 x 9.4 x 4.0 inches"
"2028","0.8","49","A500K01","Acer Iconia Tablet Bluetooth Keyboard","Acer","6.57 x 2.36 x 2.17 inches"
"2033","0.1","16.84","CLI221MAG","Canon CLI-221 Magenta Ink Cartridge 2948B001","Canon","3.5 x 1.0 x 1.0 inches"
"1011","0.56","49","USB3S2SATA","Startech SuperSpeed USB 3.0 SATA Adapter Cable for 2.5in or 3.5in Hard Drives USB3S2SATA","StarTech","8.82 x 6.14 x 2.17 inches"
"1014","0.81","47.82","4780655","Hercules Dualpix Emotion HD 720p USB Webcam","Hercules","8.66 x 6.5 x 3.54 inches"
"1535","5.5","56.99",,"Mercury Luggage Executive Computer Backpack","Mercury Luggage","16.0 x 13.5 x 8.0 inches"
